{
  "schemaVersion": 1,
  "id": "secretroutesmod",
  "version": "1.0.0-beta1-1.21.10",
  "name": "SecretRoutes",
  "description": "",
  "authors": ["Discord: yourboykyle", "Wyan (wyannnnn)"],
  "contributors": [
    "zzyyrraa",
    "itplays"
  ],
  "icon": "assets/secretroutesmod/logo.png",
  "environment": "client",
  "entrypoints": {
    "client": [
      {
        "value": "xyz.yourboykyle.secretroutes.Main"
      }
    ]
  },
  "mixins": [
    "mixins.secretroutesmod.json"
  ],
  "depends": {
    "minecraft": "~1.21",
    "fabricloader": ">=0.15.11",
    "fabric-api": "*"
  },
  "custom": {
    "modmenu": {
      "update_checker": true,
      "links": {
        "GitHub": "https://github.com/yourboykyle/SecretRoutes"
      }
    }
  }
}